Id,"Medicine Name",Description,Quantity,"Unit Price","Cost Price"
1,"Medicine 1","Sample description for Medicine 1",337,55,18535
2,"Medicine 2","Sample description for Medicine 2",114,172,19608
3,"Medicine 3","Sample description for Medicine 3",307,120,36840
4,"Medicine 4","Sample description for Medicine 4",141,148,20868
5,"Medicine 5","Sample description for Medicine 5",344,143,49192
6,"Medicine 6","Sample description for Medicine 6",4,162,648
7,"Medicine 7","Sample description for Medicine 7",72,150,10800
8,"Medicine 8","Sample description for Medicine 8",356,118,42008
9,"Medicine 9","Sample description for Medicine 9",274,120,32880
10,"Medicine 10","Sample description for Medicine 10",388,71,27548
11,"Medicine 11","Sample description for Medicine 11",110,16,1760
12,"Medicine 12","Sample description for Medicine 12",498,49,24402
13,"Medicine 13","Sample description for Medicine 13",313,160,50080
14,"Medicine 14","Sample description for Medicine 14",74,140,10360
15,"Medicine 15","Sample description for Medicine 15",468,98,45864
16,"Medicine 16","Sample description for Medicine 16",197,200,39400
17,"Medicine 17","Sample description for Medicine 17",233,30,6990
18,"Medicine 18","Sample description for Medicine 18",48,122,5856
19,"Medicine 19","Sample description for Medicine 19",119,88,10472
20,"Medicine 20","Sample description for Medicine 20",135,71,9585
21,"Medicine 21","Sample description for Medicine 21",367,159,58353
22,"Medicine 22","Sample description for Medicine 22",412,121,49852
23,"Medicine 23","Sample description for Medicine 23",482,182,87724
24,"Medicine 24","Sample description for Medicine 24",380,162,61560
25,"Medicine 25","Sample description for Medicine 25",124,125,15500
26,"Medicine 26","Sample description for Medicine 26",396,32,12672
27,"Medicine 27","Sample description for Medicine 27",208,76,15808
28,"Medicine 28","Sample description for Medicine 28",260,31,8060
29,"Medicine 29","Sample description for Medicine 29",412,194,79928
30,"Medicine 30","Sample description for Medicine 30",404,11,4444
31,"Medicine 31","Sample description for Medicine 31",490,175,85750
32,"Medicine 32","Sample description for Medicine 32",209,17,3553
33,"Medicine 33","Sample description for Medicine 33",251,74,18574
34,"Medicine 34","Sample description for Medicine 34",163,152,24776
35,"Medicine 35","Sample description for Medicine 35",285,189,53865
36,"Medicine 36","Sample description for Medicine 36",225,43,9675
37,"Medicine 37","Sample description for Medicine 37",252,69,17388
38,"Medicine 38","Sample description for Medicine 38",90,103,9270
39,"Medicine 39","Sample description for Medicine 39",308,110,33880
40,"Medicine 40","Sample description for Medicine 40",337,146,49202
41,"Medicine 41","Sample description for Medicine 41",18,89,1602
42,"Medicine 42","Sample description for Medicine 42",256,130,33280
43,"Medicine 43","Sample description for Medicine 43",53,130,6890
44,"Medicine 44","Sample description for Medicine 44",362,85,30770
45,"Medicine 45","Sample description for Medicine 45",185,90,16650
46,"Medicine 46","Sample description for Medicine 46",378,182,68796
47,"Medicine 47","Sample description for Medicine 47",140,193,27020
48,"Medicine 48","Sample description for Medicine 48",190,195,37050
49,"Medicine 49","Sample description for Medicine 49",79,165,13035
50,"Medicine 50","Sample description for Medicine 50",115,25,2875
51,"Medicine 51","Sample description for Medicine 51",387,63,24381
52,"Medicine 52","Sample description for Medicine 52",266,62,16492
53,"Medicine 53","Sample description for Medicine 53",394,50,19700
54,"Medicine 54","Sample description for Medicine 54",172,159,27348
55,"Medicine 55","Sample description for Medicine 55",14,14,196
56,"Medicine 56","Sample description for Medicine 56",492,158,77736
57,"Medicine 57","Sample description for Medicine 57",159,96,15264
58,"Medicine 58","Sample description for Medicine 58",358,70,25060
59,"Medicine 59","Sample description for Medicine 59",452,134,60568
60,"Medicine 60","Sample description for Medicine 60",317,17,5389
61,"Medicine 61","Sample description for Medicine 61",20,160,3200
62,"Medicine 62","Sample description for Medicine 62",441,82,36162
63,"Medicine 63","Sample description for Medicine 63",60,61,3660
64,"Medicine 64","Sample description for Medicine 64",476,73,34748
65,"Medicine 65","Sample description for Medicine 65",285,98,27930
66,"Medicine 66","Sample description for Medicine 66",27,99,2673
67,"Medicine 67","Sample description for Medicine 67",70,33,2310
68,"Medicine 68","Sample description for Medicine 68",268,157,42076
69,"Medicine 69","Sample description for Medicine 69",468,182,85176
70,"Medicine 70","Sample description for Medicine 70",420,21,8820
71,"Medicine 71","Sample description for Medicine 71",270,95,25650
72,"Medicine 72","Sample description for Medicine 72",223,158,35234
73,"Medicine 73","Sample description for Medicine 73",106,66,6996
74,"Medicine 74","Sample description for Medicine 74",345,33,11385
75,"Medicine 75","Sample description for Medicine 75",426,76,32376
76,"Medicine 76","Sample description for Medicine 76",437,147,64239
77,"Medicine 77","Sample description for Medicine 77",33,114,3762
78,"Medicine 78","Sample description for Medicine 78",385,136,52360
79,"Medicine 79","Sample description for Medicine 79",100,75,7500
80,"Medicine 80","Sample description for Medicine 80",345,123,42435
81,"Medicine 81","Sample description for Medicine 81",334,71,23714
82,"Medicine 82","Sample description for Medicine 82",373,151,56323
83,"Medicine 83","Sample description for Medicine 83",499,99,49401
84,"Medicine 84","Sample description for Medicine 84",215,85,18275
85,"Medicine 85","Sample description for Medicine 85",12,97,1164
86,"Medicine 86","Sample description for Medicine 86",244,190,46360
87,"Medicine 87","Sample description for Medicine 87",401,145,58145
88,"Medicine 88","Sample description for Medicine 88",103,64,6592
89,"Medicine 89","Sample description for Medicine 89",322,190,61180
90,"Medicine 90","Sample description for Medicine 90",245,63,15435
91,"Medicine 91","Sample description for Medicine 91",373,186,69378
92,"Medicine 92","Sample description for Medicine 92",288,24,6912
93,"Medicine 93","Sample description for Medicine 93",258,14,3612
94,"Medicine 94","Sample description for Medicine 94",494,93,45942
95,"Medicine 95","Sample description for Medicine 95",372,61,22692
96,"Medicine 96","Sample description for Medicine 96",441,69,30429
97,"Medicine 97","Sample description for Medicine 97",21,200,4200
98,"Medicine 98","Sample description for Medicine 98",324,99,32076
99,"Medicine 99","Sample description for Medicine 99",500,45,22500
100,"Medicine 100","Sample description for Medicine 100",183,112,20496
101,"Medicine 101","Sample description for Medicine 101",432,80,34560
102,"Medicine 102","Sample description for Medicine 102",142,61,8662
103,"Medicine 103","Sample description for Medicine 103",49,177,8673
104,"Medicine 104","Sample description for Medicine 104",146,101,14746
105,"Medicine 105","Sample description for Medicine 105",310,16,4960
106,"Medicine 106","Sample description for Medicine 106",97,109,10573
107,"Medicine 107","Sample description for Medicine 107",465,52,24180
108,"Medicine 108","Sample description for Medicine 108",489,108,52812
109,"Medicine 109","Sample description for Medicine 109",242,77,18634
110,"Medicine 110","Sample description for Medicine 110",375,46,17250
111,"Medicine 111","Sample description for Medicine 111",353,170,60010
112,"Medicine 112","Sample description for Medicine 112",323,171,55233
113,"Medicine 113","Sample description for Medicine 113",33,119,3927
114,"Medicine 114","Sample description for Medicine 114",155,159,24645
115,"Medicine 115","Sample description for Medicine 115",422,70,29540
116,"Medicine 116","Sample description for Medicine 116",429,163,69927
117,"Medicine 117","Sample description for Medicine 117",273,62,16926
118,"Medicine 118","Sample description for Medicine 118",234,151,35334
119,"Medicine 119","Sample description for Medicine 119",124,189,23436
120,"Medicine 120","Sample description for Medicine 120",343,165,56595
121,"Medicine 121","Sample description for Medicine 121",260,100,26000
122,"Medicine 122","Sample description for Medicine 122",22,110,2420
123,"Medicine 123","Sample description for Medicine 123",335,13,4355
124,"Medicine 124","Sample description for Medicine 124",73,188,13724
125,"Medicine 125","Sample description for Medicine 125",470,59,27730
126,"Medicine 126","Sample description for Medicine 126",66,173,11418
127,"Medicine 127","Sample description for Medicine 127",207,167,34569
128,"Medicine 128","Sample description for Medicine 128",457,60,27420
129,"Medicine 129","Sample description for Medicine 129",209,29,6061
130,"Medicine 130","Sample description for Medicine 130",366,74,27084
131,"Medicine 131","Sample description for Medicine 131",178,44,7832
132,"Medicine 132","Sample description for Medicine 132",97,48,4656
133,"Medicine 133","Sample description for Medicine 133",112,135,15120
134,"Medicine 134","Sample description for Medicine 134",54,85,4590
135,"Medicine 135","Sample description for Medicine 135",495,12,5940
136,"Medicine 136","Sample description for Medicine 136",33,94,3102
137,"Medicine 137","Sample description for Medicine 137",232,49,11368
138,"Medicine 138","Sample description for Medicine 138",439,99,43461
139,"Medicine 139","Sample description for Medicine 139",259,70,18130
140,"Medicine 140","Sample description for Medicine 140",441,159,70119
141,"Medicine 141","Sample description for Medicine 141",285,83,23655
142,"Medicine 142","Sample description for Medicine 142",205,185,37925
143,"Medicine 143","Sample description for Medicine 143",270,25,6750
144,"Medicine 144","Sample description for Medicine 144",419,148,62012
145,"Medicine 145","Sample description for Medicine 145",168,18,3024
146,"Medicine 146","Sample description for Medicine 146",287,67,19229
147,"Medicine 147","Sample description for Medicine 147",61,138,8418
148,"Medicine 148","Sample description for Medicine 148",293,112,32816
149,"Medicine 149","Sample description for Medicine 149",71,135,9585
150,"Medicine 150","Sample description for Medicine 150",429,167,71643
151,"Medicine 151","Sample description for Medicine 151",186,150,27900
152,"Medicine 152","Sample description for Medicine 152",162,141,22842
153,"Medicine 153","Sample description for Medicine 153",456,172,78432
154,"Medicine 154","Sample description for Medicine 154",263,124,32612
155,"Medicine 155","Sample description for Medicine 155",7,198,1386
156,"Medicine 156","Sample description for Medicine 156",142,58,8236
157,"Medicine 157","Sample description for Medicine 157",471,97,45687
158,"Medicine 158","Sample description for Medicine 158",228,98,22344
159,"Medicine 159","Sample description for Medicine 159",82,155,12710
160,"Medicine 160","Sample description for Medicine 160",344,48,16512
161,"Medicine 161","Sample description for Medicine 161",294,13,3822
162,"Medicine 162","Sample description for Medicine 162",320,30,9600
163,"Medicine 163","Sample description for Medicine 163",478,76,36328
164,"Medicine 164","Sample description for Medicine 164",406,69,28014
165,"Medicine 165","Sample description for Medicine 165",152,106,16112
166,"Medicine 166","Sample description for Medicine 166",98,20,1960
167,"Medicine 167","Sample description for Medicine 167",455,147,66885
168,"Medicine 168","Sample description for Medicine 168",325,101,32825
169,"Medicine 169","Sample description for Medicine 169",197,114,22458
170,"Medicine 170","Sample description for Medicine 170",102,185,18870
171,"Medicine 171","Sample description for Medicine 171",298,41,12218
172,"Medicine 172","Sample description for Medicine 172",477,153,72981
173,"Medicine 173","Sample description for Medicine 173",174,123,21402
174,"Medicine 174","Sample description for Medicine 174",151,161,24311
175,"Medicine 175","Sample description for Medicine 175",469,200,93800
176,"Medicine 176","Sample description for Medicine 176",114,75,8550
177,"Medicine 177","Sample description for Medicine 177",254,77,19558
178,"Medicine 178","Sample description for Medicine 178",420,63,26460
179,"Medicine 179","Sample description for Medicine 179",328,134,43952
180,"Medicine 180","Sample description for Medicine 180",423,188,79524
181,"Medicine 181","Sample description for Medicine 181",256,19,4864
182,"Medicine 182","Sample description for Medicine 182",106,159,16854
183,"Medicine 183","Sample description for Medicine 183",258,26,6708
184,"Medicine 184","Sample description for Medicine 184",473,30,14190
185,"Medicine 185","Sample description for Medicine 185",328,80,26240
186,"Medicine 186","Sample description for Medicine 186",200,174,34800
187,"Medicine 187","Sample description for Medicine 187",315,78,24570
188,"Medicine 188","Sample description for Medicine 188",147,190,27930
189,"Medicine 189","Sample description for Medicine 189",296,151,44696
190,"Medicine 190","Sample description for Medicine 190",418,145,60610
191,"Medicine 191","Sample description for Medicine 191",482,138,66516
192,"Medicine 192","Sample description for Medicine 192",299,96,28704
193,"Medicine 193","Sample description for Medicine 193",215,83,17845
194,"Medicine 194","Sample description for Medicine 194",174,40,6960
195,"Medicine 195","Sample description for Medicine 195",278,70,19460
196,"Medicine 196","Sample description for Medicine 196",165,168,27720
197,"Medicine 197","Sample description for Medicine 197",30,24,720
198,"Medicine 198","Sample description for Medicine 198",372,42,15624
199,"Medicine 199","Sample description for Medicine 199",226,103,23278
200,"Medicine 200","Sample description for Medicine 200",285,45,12825
201,"Medicine 201","Sample description for Medicine 201",15,17,255
202,"Medicine 202","Sample description for Medicine 202",461,49,22589
203,"Medicine 203","Sample description for Medicine 203",381,178,67818
204,"Medicine 204","Sample description for Medicine 204",4,84,336
205,"Medicine 205","Sample description for Medicine 205",196,132,25872
206,"Medicine 206","Sample description for Medicine 206",456,78,35568
207,"Medicine 207","Sample description for Medicine 207",489,58,28362
208,"Medicine 208","Sample description for Medicine 208",428,162,69336
209,"Medicine 209","Sample description for Medicine 209",318,88,27984
210,"Medicine 210","Sample description for Medicine 210",153,90,13770
211,"Medicine 211","Sample description for Medicine 211",402,31,12462
212,"Medicine 212","Sample description for Medicine 212",288,138,39744
213,"Medicine 213","Sample description for Medicine 213",305,107,32635
214,"Medicine 214","Sample description for Medicine 214",201,35,7035
215,"Medicine 215","Sample description for Medicine 215",290,166,48140
216,"Medicine 216","Sample description for Medicine 216",223,119,26537
217,"Medicine 217","Sample description for Medicine 217",203,13,2639
218,"Medicine 218","Sample description for Medicine 218",439,141,61899
219,"Medicine 219","Sample description for Medicine 219",308,164,50512
220,"Medicine 220","Sample description for Medicine 220",227,147,33369
221,"Medicine 221","Sample description for Medicine 221",130,45,5850
222,"Medicine 222","Sample description for Medicine 222",366,41,15006
223,"Medicine 223","Sample description for Medicine 223",163,80,13040
224,"Medicine 224","Sample description for Medicine 224",333,20,6660
225,"Medicine 225","Sample description for Medicine 225",39,184,7176
226,"Medicine 226","Sample description for Medicine 226",238,78,18564
227,"Medicine 227","Sample description for Medicine 227",83,159,13197
228,"Medicine 228","Sample description for Medicine 228",162,50,8100
229,"Medicine 229","Sample description for Medicine 229",66,121,7986
230,"Medicine 230","Sample description for Medicine 230",276,83,22908
231,"Medicine 231","Sample description for Medicine 231",19,50,950
232,"Medicine 232","Sample description for Medicine 232",92,21,1932
233,"Medicine 233","Sample description for Medicine 233",314,156,48984
234,"Medicine 234","Sample description for Medicine 234",118,186,21948
235,"Medicine 235","Sample description for Medicine 235",101,40,4040
236,"Medicine 236","Sample description for Medicine 236",241,31,7471
237,"Medicine 237","Sample description for Medicine 237",150,110,16500
238,"Medicine 238","Sample description for Medicine 238",284,102,28968
239,"Medicine 239","Sample description for Medicine 239",158,62,9796
240,"Medicine 240","Sample description for Medicine 240",395,111,43845
241,"Medicine 241","Sample description for Medicine 241",303,178,53934
242,"Medicine 242","Sample description for Medicine 242",49,64,3136
243,"Medicine 243","Sample description for Medicine 243",103,70,7210
244,"Medicine 244","Sample description for Medicine 244",88,38,3344
245,"Medicine 245","Sample description for Medicine 245",41,45,1845
246,"Medicine 246","Sample description for Medicine 246",220,121,26620
247,"Medicine 247","Sample description for Medicine 247",182,192,34944
248,"Medicine 248","Sample description for Medicine 248",261,92,24012
249,"Medicine 249","Sample description for Medicine 249",482,39,18798
250,"Medicine 250","Sample description for Medicine 250",85,48,4080
251,"Medicine 251","Sample description for Medicine 251",364,33,12012
252,"Medicine 252","Sample description for Medicine 252",277,120,33240
253,"Medicine 253","Sample description for Medicine 253",245,159,38955
254,"Medicine 254","Sample description for Medicine 254",53,133,7049
255,"Medicine 255","Sample description for Medicine 255",62,132,8184
256,"Medicine 256","Sample description for Medicine 256",382,57,21774
257,"Medicine 257","Sample description for Medicine 257",498,94,46812
258,"Medicine 258","Sample description for Medicine 258",275,96,26400
259,"Medicine 259","Sample description for Medicine 259",312,162,50544
260,"Medicine 260","Sample description for Medicine 260",163,98,15974
261,"Medicine 261","Sample description for Medicine 261",344,39,13416
262,"Medicine 262","Sample description for Medicine 262",152,56,8512
263,"Medicine 263","Sample description for Medicine 263",69,116,8004
264,"Medicine 264","Sample description for Medicine 264",433,92,39836
265,"Medicine 265","Sample description for Medicine 265",481,112,53872
266,"Medicine 266","Sample description for Medicine 266",23,178,4094
267,"Medicine 267","Sample description for Medicine 267",206,50,10300
268,"Medicine 268","Sample description for Medicine 268",217,39,8463
269,"Medicine 269","Sample description for Medicine 269",422,116,48952
270,"Medicine 270","Sample description for Medicine 270",116,178,20648
271,"Medicine 271","Sample description for Medicine 271",315,52,16380
272,"Medicine 272","Sample description for Medicine 272",283,96,27168
273,"Medicine 273","Sample description for Medicine 273",375,156,58500
274,"Medicine 274","Sample description for Medicine 274",196,29,5684
275,"Medicine 275","Sample description for Medicine 275",30,88,2640
276,"Medicine 276","Sample description for Medicine 276",11,101,1111
277,"Medicine 277","Sample description for Medicine 277",459,35,16065
278,"Medicine 278","Sample description for Medicine 278",65,170,11050
279,"Medicine 279","Sample description for Medicine 279",285,58,16530
280,"Medicine 280","Sample description for Medicine 280",110,103,11330
281,"Medicine 281","Sample description for Medicine 281",480,70,33600
282,"Medicine 282","Sample description for Medicine 282",496,11,5456
283,"Medicine 283","Sample description for Medicine 283",403,85,34255
284,"Medicine 284","Sample description for Medicine 284",56,77,4312
285,"Medicine 285","Sample description for Medicine 285",315,168,52920
286,"Medicine 286","Sample description for Medicine 286",459,41,18819
287,"Medicine 287","Sample description for Medicine 287",400,86,34400
288,"Medicine 288","Sample description for Medicine 288",91,102,9282
289,"Medicine 289","Sample description for Medicine 289",393,34,13362
290,"Medicine 290","Sample description for Medicine 290",417,29,12093
291,"Medicine 291","Sample description for Medicine 291",231,143,33033
292,"Medicine 292","Sample description for Medicine 292",391,183,71553
293,"Medicine 293","Sample description for Medicine 293",348,106,36888
294,"Medicine 294","Sample description for Medicine 294",442,154,68068
295,"Medicine 295","Sample description for Medicine 295",288,134,38592
296,"Medicine 296","Sample description for Medicine 296",332,119,39508
297,"Medicine 297","Sample description for Medicine 297",18,144,2592
298,"Medicine 298","Sample description for Medicine 298",250,99,24750
299,"Medicine 299","Sample description for Medicine 299",124,47,5828
300,"Medicine 300","Sample description for Medicine 300",424,77,32648
301,"Medicine 301","Sample description for Medicine 301",363,97,35211
302,"Medicine 302","Sample description for Medicine 302",352,138,48576
303,"Medicine 303","Sample description for Medicine 303",286,177,50622
304,"Medicine 304","Sample description for Medicine 304",424,84,35616
305,"Medicine 305","Sample description for Medicine 305",35,41,1435
306,"Medicine 306","Sample description for Medicine 306",129,75,9675
307,"Medicine 307","Sample description for Medicine 307",122,110,13420
308,"Medicine 308","Sample description for Medicine 308",17,55,935
309,"Medicine 309","Sample description for Medicine 309",6,65,390
310,"Medicine 310","Sample description for Medicine 310",192,93,17856
311,"Medicine 311","Sample description for Medicine 311",40,155,6200
312,"Medicine 312","Sample description for Medicine 312",310,11,3410
313,"Medicine 313","Sample description for Medicine 313",214,57,12198
314,"Medicine 314","Sample description for Medicine 314",191,30,5730
315,"Medicine 315","Sample description for Medicine 315",217,134,29078
316,"Medicine 316","Sample description for Medicine 316",371,200,74200
317,"Medicine 317","Sample description for Medicine 317",330,175,57750
318,"Medicine 318","Sample description for Medicine 318",362,195,70590
319,"Medicine 319","Sample description for Medicine 319",273,111,30303
320,"Medicine 320","Sample description for Medicine 320",426,98,41748
321,"Medicine 321","Sample description for Medicine 321",320,39,12480
322,"Medicine 322","Sample description for Medicine 322",61,191,11651
323,"Medicine 323","Sample description for Medicine 323",20,15,300
324,"Medicine 324","Sample description for Medicine 324",378,105,39690
325,"Medicine 325","Sample description for Medicine 325",318,51,16218
326,"Medicine 326","Sample description for Medicine 326",126,104,13104
327,"Medicine 327","Sample description for Medicine 327",71,152,10792
328,"Medicine 328","Sample description for Medicine 328",238,159,37842
329,"Medicine 329","Sample description for Medicine 329",221,186,41106
330,"Medicine 330","Sample description for Medicine 330",185,146,27010
331,"Medicine 331","Sample description for Medicine 331",463,57,26391
332,"Medicine 332","Sample description for Medicine 332",115,76,8740
333,"Medicine 333","Sample description for Medicine 333",128,30,3840
334,"Medicine 334","Sample description for Medicine 334",408,149,60792
335,"Medicine 335","Sample description for Medicine 335",91,131,11921
336,"Medicine 336","Sample description for Medicine 336",215,75,16125
337,"Medicine 337","Sample description for Medicine 337",313,126,39438
338,"Medicine 338","Sample description for Medicine 338",37,64,2368
339,"Medicine 339","Sample description for Medicine 339",428,58,24824
340,"Medicine 340","Sample description for Medicine 340",266,35,9310
341,"Medicine 341","Sample description for Medicine 341",280,117,32760
342,"Medicine 342","Sample description for Medicine 342",499,19,9481
343,"Medicine 343","Sample description for Medicine 343",291,196,57036
344,"Medicine 344","Sample description for Medicine 344",388,64,24832
345,"Medicine 345","Sample description for Medicine 345",63,133,8379
346,"Medicine 346","Sample description for Medicine 346",84,24,2016
347,"Medicine 347","Sample description for Medicine 347",278,143,39754
348,"Medicine 348","Sample description for Medicine 348",90,61,5490
349,"Medicine 349","Sample description for Medicine 349",324,53,17172
350,"Medicine 350","Sample description for Medicine 350",246,97,23862
351,"Medicine 351","Sample description for Medicine 351",142,83,11786
352,"Medicine 352","Sample description for Medicine 352",268,170,45560
353,"Medicine 353","Sample description for Medicine 353",41,160,6560
354,"Medicine 354","Sample description for Medicine 354",156,58,9048
355,"Medicine 355","Sample description for Medicine 355",177,14,2478
356,"Medicine 356","Sample description for Medicine 356",391,52,20332
357,"Medicine 357","Sample description for Medicine 357",220,29,6380
358,"Medicine 358","Sample description for Medicine 358",496,22,10912
359,"Medicine 359","Sample description for Medicine 359",466,191,89006
360,"Medicine 360","Sample description for Medicine 360",266,140,37240
361,"Medicine 361","Sample description for Medicine 361",485,15,7275
362,"Medicine 362","Sample description for Medicine 362",336,191,64176
363,"Medicine 363","Sample description for Medicine 363",258,22,5676
364,"Medicine 364","Sample description for Medicine 364",271,181,49051
365,"Medicine 365","Sample description for Medicine 365",402,199,79998
366,"Medicine 366","Sample description for Medicine 366",122,144,17568
367,"Medicine 367","Sample description for Medicine 367",354,60,21240
368,"Medicine 368","Sample description for Medicine 368",152,26,3952
369,"Medicine 369","Sample description for Medicine 369",229,50,11450
370,"Medicine 370","Sample description for Medicine 370",91,64,5824
371,"Medicine 371","Sample description for Medicine 371",442,91,40222
372,"Medicine 372","Sample description for Medicine 372",97,183,17751
373,"Medicine 373","Sample description for Medicine 373",263,92,24196
374,"Medicine 374","Sample description for Medicine 374",151,170,25670
375,"Medicine 375","Sample description for Medicine 375",305,40,12200
376,"Medicine 376","Sample description for Medicine 376",488,39,19032
377,"Medicine 377","Sample description for Medicine 377",92,19,1748
378,"Medicine 378","Sample description for Medicine 378",215,68,14620
379,"Medicine 379","Sample description for Medicine 379",365,81,29565
380,"Medicine 380","Sample description for Medicine 380",197,165,32505
381,"Medicine 381","Sample description for Medicine 381",351,66,23166
382,"Medicine 382","Sample description for Medicine 382",9,24,216
383,"Medicine 383","Sample description for Medicine 383",374,122,45628
384,"Medicine 384","Sample description for Medicine 384",300,62,18600
385,"Medicine 385","Sample description for Medicine 385",231,192,44352
386,"Medicine 386","Sample description for Medicine 386",251,122,30622
387,"Medicine 387","Sample description for Medicine 387",49,153,7497
388,"Medicine 388","Sample description for Medicine 388",378,129,48762
389,"Medicine 389","Sample description for Medicine 389",345,74,25530
390,"Medicine 390","Sample description for Medicine 390",289,50,14450
391,"Medicine 391","Sample description for Medicine 391",173,90,15570
392,"Medicine 392","Sample description for Medicine 392",454,40,18160
393,"Medicine 393","Sample description for Medicine 393",312,195,60840
394,"Medicine 394","Sample description for Medicine 394",81,30,2430
395,"Medicine 395","Sample description for Medicine 395",323,144,46512
396,"Medicine 396","Sample description for Medicine 396",79,114,9006
397,"Medicine 397","Sample description for Medicine 397",175,29,5075
398,"Medicine 398","Sample description for Medicine 398",297,124,36828
399,"Medicine 399","Sample description for Medicine 399",162,45,7290
400,"Medicine 400","Sample description for Medicine 400",358,105,37590
401,"Medicine 401","Sample description for Medicine 401",272,79,21488
402,"Medicine 402","Sample description for Medicine 402",142,144,20448
403,"Medicine 403","Sample description for Medicine 403",272,89,24208
404,"Medicine 404","Sample description for Medicine 404",365,91,33215
405,"Medicine 405","Sample description for Medicine 405",218,171,37278
406,"Medicine 406","Sample description for Medicine 406",313,71,22223
407,"Medicine 407","Sample description for Medicine 407",460,143,65780
408,"Medicine 408","Sample description for Medicine 408",179,62,11098
409,"Medicine 409","Sample description for Medicine 409",179,44,7876
410,"Medicine 410","Sample description for Medicine 410",251,167,41917
411,"Medicine 411","Sample description for Medicine 411",178,92,16376
412,"Medicine 412","Sample description for Medicine 412",280,37,10360
413,"Medicine 413","Sample description for Medicine 413",152,117,17784
414,"Medicine 414","Sample description for Medicine 414",263,164,43132
415,"Medicine 415","Sample description for Medicine 415",50,48,2400
416,"Medicine 416","Sample description for Medicine 416",164,176,28864
417,"Medicine 417","Sample description for Medicine 417",26,53,1378
418,"Medicine 418","Sample description for Medicine 418",68,54,3672
419,"Medicine 419","Sample description for Medicine 419",242,135,32670
420,"Medicine 420","Sample description for Medicine 420",71,146,10366
421,"Medicine 421","Sample description for Medicine 421",62,71,4402
422,"Medicine 422","Sample description for Medicine 422",31,77,2387
423,"Medicine 423","Sample description for Medicine 423",246,97,23862
424,"Medicine 424","Sample description for Medicine 424",71,51,3621
425,"Medicine 425","Sample description for Medicine 425",493,175,86275
426,"Medicine 426","Sample description for Medicine 426",478,60,28680
427,"Medicine 427","Sample description for Medicine 427",194,73,14162
428,"Medicine 428","Sample description for Medicine 428",211,136,28696
429,"Medicine 429","Sample description for Medicine 429",192,54,10368
430,"Medicine 430","Sample description for Medicine 430",359,153,54927
431,"Medicine 431","Sample description for Medicine 431",175,142,24850
432,"Medicine 432","Sample description for Medicine 432",186,176,32736
433,"Medicine 433","Sample description for Medicine 433",251,159,39909
434,"Medicine 434","Sample description for Medicine 434",380,80,30400
435,"Medicine 435","Sample description for Medicine 435",12,20,240
436,"Medicine 436","Sample description for Medicine 436",457,173,79061
437,"Medicine 437","Sample description for Medicine 437",458,173,79234
438,"Medicine 438","Sample description for Medicine 438",201,137,27537
439,"Medicine 439","Sample description for Medicine 439",31,150,4650
440,"Medicine 440","Sample description for Medicine 440",442,70,30940
441,"Medicine 441","Sample description for Medicine 441",17,178,3026
442,"Medicine 442","Sample description for Medicine 442",426,90,38340
443,"Medicine 443","Sample description for Medicine 443",63,38,2394
444,"Medicine 444","Sample description for Medicine 444",51,129,6579
445,"Medicine 445","Sample description for Medicine 445",346,52,17992
446,"Medicine 446","Sample description for Medicine 446",148,155,22940
447,"Medicine 447","Sample description for Medicine 447",152,84,12768
448,"Medicine 448","Sample description for Medicine 448",170,177,30090
449,"Medicine 449","Sample description for Medicine 449",360,108,38880
450,"Medicine 450","Sample description for Medicine 450",355,103,36565
451,"Medicine 451","Sample description for Medicine 451",408,187,76296
452,"Medicine 452","Sample description for Medicine 452",167,102,17034
453,"Medicine 453","Sample description for Medicine 453",41,149,6109
454,"Medicine 454","Sample description for Medicine 454",342,84,28728
455,"Medicine 455","Sample description for Medicine 455",225,172,38700
456,"Medicine 456","Sample description for Medicine 456",4,74,296
457,"Medicine 457","Sample description for Medicine 457",339,37,12543
458,"Medicine 458","Sample description for Medicine 458",356,84,29904
459,"Medicine 459","Sample description for Medicine 459",356,181,64436
460,"Medicine 460","Sample description for Medicine 460",470,57,26790
461,"Medicine 461","Sample description for Medicine 461",283,59,16697
462,"Medicine 462","Sample description for Medicine 462",155,22,3410
463,"Medicine 463","Sample description for Medicine 463",148,127,18796
464,"Medicine 464","Sample description for Medicine 464",434,166,72044
465,"Medicine 465","Sample description for Medicine 465",251,25,6275
466,"Medicine 466","Sample description for Medicine 466",434,200,86800
467,"Medicine 467","Sample description for Medicine 467",14,81,1134
468,"Medicine 468","Sample description for Medicine 468",157,71,11147
469,"Medicine 469","Sample description for Medicine 469",79,107,8453
470,"Medicine 470","Sample description for Medicine 470",19,183,3477
471,"Medicine 471","Sample description for Medicine 471",339,66,22374
472,"Medicine 472","Sample description for Medicine 472",377,126,47502
473,"Medicine 473","Sample description for Medicine 473",409,19,7771
474,"Medicine 474","Sample description for Medicine 474",321,76,24396
475,"Medicine 475","Sample description for Medicine 475",475,57,27075
476,"Medicine 476","Sample description for Medicine 476",177,189,33453
477,"Medicine 477","Sample description for Medicine 477",326,107,34882
478,"Medicine 478","Sample description for Medicine 478",418,75,31350
479,"Medicine 479","Sample description for Medicine 479",443,102,45186
480,"Medicine 480","Sample description for Medicine 480",192,137,26304
481,"Medicine 481","Sample description for Medicine 481",302,50,15100
482,"Medicine 482","Sample description for Medicine 482",447,171,76437
483,"Medicine 483","Sample description for Medicine 483",479,179,85741
484,"Medicine 484","Sample description for Medicine 484",57,185,10545
485,"Medicine 485","Sample description for Medicine 485",23,30,690
486,"Medicine 486","Sample description for Medicine 486",392,89,34888
487,"Medicine 487","Sample description for Medicine 487",360,44,15840
488,"Medicine 488","Sample description for Medicine 488",15,172,2580
489,"Medicine 489","Sample description for Medicine 489",452,194,87688
490,"Medicine 490","Sample description for Medicine 490",449,22,9878
491,"Medicine 491","Sample description for Medicine 491",174,102,17748
492,"Medicine 492","Sample description for Medicine 492",360,129,46440
493,"Medicine 493","Sample description for Medicine 493",390,129,50310
494,"Medicine 494","Sample description for Medicine 494",403,67,27001
495,"Medicine 495","Sample description for Medicine 495",148,146,21608
496,"Medicine 496","Sample description for Medicine 496",476,83,39508
497,"Medicine 497","Sample description for Medicine 497",184,76,13984
498,"Medicine 498","Sample description for Medicine 498",357,18,6426
499,"Medicine 499","Sample description for Medicine 499",395,32,12640
500,"Medicine 500","Sample description for Medicine 500",248,93,23064
